city,region
Абаза,Республика Хакасия
Абакан,Республика Хакасия
"Абдулино,""Оренбургская область, Абдулинский район"""
"Абинск,""Краснодарский край, Абинский район"""
Агидель,Республика Башкортостан
"Агрыз,""Республика Татарстан, Агрызский район"""
Адыгейск,Республика Адыгея
"Азнакаево,""Республика Татарстан, Азнакаевский район"""
Азов,Ростовская область
Ак-Довурак,Республика Тыва
"Аксай,""Ростовская область, Аксайский район"""
"Алагир,""Республика Северная Осетия - Алания, Алагирский район"""
Алапаевск,Свердловская область
Алатырь,Чувашская Республика
"Алдан,""Республика Саха (Якутия), Алданский район"""
Алейск,Алтайский край
"Александров,""Владимирская область, Александровский район"""
"Александровск,""Пермский край, Александровский район"""
Александровск-Сахалинский,Сахалинская область
"Алексеевка,""Белгородская область, Алексеевский район"""
"Алексин,""Тульская область, Алексинский район"""
"Алзамай,""Иркутская область, Нижнеудинский район"""
Алупка,Республика Крым
Алушта,Республика Крым
"Альметьевск,""Республика Татарстан, Альметьевский район"""
"Амурск,""Хабаровский край, Амурский район"""
Анадырь,Чукотский автономный округ
Анапа,Краснодарский край
"Ангарск,""Иркутская область, Ангарский район"""
Андреаполь,Тверская область
Анжеро-Судженск,Кемеровская область
Анива,Сахалинская область
Апатиты,Мурманская область
"Апрелевка,""Московская область, Наро-Фоминский район"""
"Апшеронск,""Краснодарский край, Апшеронский район"""
Арамиль,Свердловская область
Аргун,Чеченская Республика
"Ардатов,""Республика Мордовия, Ардатовский район"""
"Ардон,""Республика Северная Осетия - Алания, Ардонский район"""
Арзамас,Нижегородская область
"Аркадак,""Саратовская область, Аркадакский район"""
Армавир,Краснодарский край
Армянск,Республика Крым
Арсеньев,Приморский край
"Арск,""Республика Татарстан, Арский район"""
Артём,Приморский край
"Артёмовск,""Красноярский край, Курагинский район"""
Артемовский,Свердловская область
Архангельск,Архангельская область
Асбест,Свердловская область
"Асино,""Томская область, Асиновский район"""
Астрахань,Астраханская область
"Аткарск,""Саратовская область, Аткарский район"""
"Ахтубинск,""Астраханская область, Ахтубинский район"""
Ачинск,Красноярский край
"Аша,""Челябинская область, Ашинский район"""
"Бабаево,""Вологодская область, Бабаевский район"""
"Бабушкин,""Республика Бурятия, Кабанский район"""
"Бавлы,""Республика Татарстан, Бавлинский район"""
"Багратионовск,""Калининградская область, Багратионовский район"""
"Байкальск,""Иркутская область, Слюдянский район"""
Байконур,Город Байконур
"Баймак,""Республика Башкортостан, Баймакский район"""
"Бакал,""Челябинская область, Саткинский район"""
Баксан,Кабардино-Балкарская Республика
"Балабаново,""Калужская область, Боровский район"""
"Балаково,""Саратовская область, Балаковский район"""
"Балахна,""Нижегородская область, Балахнинский район"""
Балашиха,Московская область
"Балашов,""Саратовская область, Балашовский район"""
"Балей,""Забайкальский край, Балейский район"""
"Балтийск,""Калининградская область, Балтийский район"""
"Барабинск,""Новосибирская область, Барабинский район"""
Барнаул,Алтайский край
"Барыш,""Ульяновская область, Барышский район"""
Батайск,Ростовская область
"Бахчисарай,""Республика Крым, Бахчисарайский район"""
"Бежецк,""Тверская область, Бежецкий район"""
"Белая Калитва,""Ростовская область, Белокалитвинский район"""
"Белая Холуница,""Кировская область, Белохолуницкий район"""
Белгород,Белгородская область
"Белебей,""Республика Башкортостан, Белебеевский район"""
"Белёв,""Тульская область, Белёвский район"""
"Белинский,""Пензенская область, Белинский район"""
Белово,Кемеровская область
"Белогорск,""Республика Крым, Белогорский район"""
"Белозерск,""Вологодская область, Белозерский район"""
Белокуриха,Алтайский край
"Беломорск,""Республика Карелия, Беломорский район"""
"Белорецк,""Республика Башкортостан, Белорецкий район"""
"Белореченск,""Краснодарский край, Белореченский район"""
"Белоусово,""Калужская область, Жуковский район"""
"Белоярский,""Ханты-Мансийский автономный округ, Белоярский район"""
"Белый,""Тверская область, Бельский район"""
Бердск,Новосибирская область
Березники,Пермский край
Березовский,Свердловская область
Берёзовский,Кемеровская область
"Беслан,""Республика Северная Осетия - Алания, Правобережный район"""
Бийск,Алтайский край
"Бикин,""Хабаровский край, Бикинский район"""
"Билибино,""Чукотский автономный округ, Билибинский район"""
Биробиджан,Еврейская автономная область
"Бирск,""Республика Башкортостан, Бирский район"""
"Бирюсинск,""Иркутская область, Тайшетский район"""
"Бирюч,""Белгородская область, Красногвардейский район"""
Благовещенск,Амурская область
"Благодарный,""Ставропольский край, Благодарненский район"""
"Бобров,""Воронежская область, Бобровский район"""
Богданович,Свердловская область
"Богородицк,""Тульская область, Богородицкий район"""
"Богородск,""Нижегородская область, Богородский район"""
Боготол,Красноярский край
"Богучар,""Воронежская область, Богучарский район"""
"Бодайбо,""Иркутская область, Бодайбинский район"""
"Бокситогорск,""Ленинградская область, Бокситогорский район"""
"Болгар,""Республика Татарстан, Спасский район"""
"Бологое,""Тверская область, Бологовский район"""
"Болотное,""Новосибирская область, Болотнинский район"""
"Болохово,""Тульская область, Киреевский район"""
"Болхов,""Орловская область, Болховский район"""
Большой Камень,Приморский край
Бор,Нижегородская область
"Борзя,""Забайкальский край, Борзинский район"""
Борисоглебск,Воронежская область
"Боровичи,""Новгородская область, Боровичский район"""
"Боровск,""Калужская область, Боровский район"""
Бородино,Красноярский край
Братск,Иркутская область
Бронницы,Московская область
Брянск,Брянская область
"Бугульма,""Республика Татарстан, Бугульминский район"""
Бугуруслан,Оренбургская область
Буденновск,Ставропольский край
Бузулук,Оренбургская область
"Буинск,""Республика Татарстан, Буинский район"""
Буй,Костромская область
Буйнакск,Республика Дагестан
"Бутурлиновка,""Воронежская область, Бутурлиновский район"""
"Валдай,""Новгородская область, Валдайский район"""
"Валуйки,""Белгородская область, Валуйский район"""
"Велиж,""Смоленская область, Велижский район"""
Великие Луки,Псковская область
Великий Новгород,Новгородская область
"Великий Устюг,""Вологодская область, Великоустюгский район"""
"Вельск,""Архангельская область, Вельский район"""
"Венёв,""Тульская область, Венёвский район"""
"Верещагино,""Пермский край, Верещагинский район"""
"Верея,""Московская область, Наро-Фоминский район"""
"Верхнеуральск,""Челябинская область, Верхнеуральский район"""
Верхний Тагил,Свердловская область
Верхний Уфалей,Челябинская область
Верхняя Пышма,Свердловская область
Верхняя Салда,Свердловская область
Верхняя Тура,Свердловская область
Верхотурье,Свердловская область
"Верхоянск,""Республика Саха (Якутия), Верхоянский район"""
Весьегонск,Тверская область
"Ветлуга,""Нижегородская область, Ветлужский район"""
"Видное,""Московская область, Ленинский район"""
"Вилюйск,""Республика Саха (Якутия), Вилюйский район"""
Вилючинск,Камчатский край
"Вихоревка,""Иркутская область, Братский район"""
Вичуга,Ивановская область
Владивосток,Приморский край
Владикавказ,Республика Северная Осетия - Алания
Владимир,Владимирская область
Волгоград,Волгоградская область
Волгодонск,Ростовская область
Волгореченск,Костромская область
Волжск,Республика Марий Эл
Волжский,Волгоградская область
Вологда,Вологодская область
"Володарск,""Нижегородская область, Володарский район"""
"Волоколамск,""Московская область, Волоколамский район"""
"Волосово,""Ленинградская область, Волосовский район"""
"Волхов,""Ленинградская область, Волховский район"""
Волчанск,Свердловская область
"Вольск,""Саратовская область, Вольский район"""
Воркута,Республика Коми
Воронеж,Воронежская область
"Ворсма,""Нижегородская область, Павловский район"""
"Воскресенск,""Московская область, Воскресенский район"""
Воткинск,Удмуртская Республика
"Всеволожск,""Ленинградская область, Всеволожский район"""
"Вуктыл,""Республика Коми, Вуктыл район"""
"Выборг,""Ленинградская область, Выборгский район"""
"Выкса,""Нижегородская область, Выксунский район"""
"Высоковск,""Московская область, Клинский район"""
"Высоцк,""Ленинградская область, Выборгский район"""
"Вытегра,""Вологодская область, Вытегорский район"""
Вышний Волочек,Тверская область
"Вяземский,""Хабаровский край, Вяземский район"""
"Вязники,""Владимирская область, Вязниковский район"""
"Вязьма,""Смоленская область, Вяземский район"""
Вятские Поляны,Кировская область
"Гаврилов Посад,""Ивановская область, Гаврилово-Посадский район"""
"Гаврилов-Ям,""Ярославская область, Гаврилов-Ямский район"""
"Гагарин,""Смоленская область, Гагаринский район"""
Гаджиево,Мурманская область
Гай,Оренбургская область
Галич,Костромская область
"Гатчина,""Ленинградская область, Гатчинский район"""
"Гвардейск,""Калининградская область, Гвардейский район"""
"Гдов,""Псковская область, Гдовский район"""
Геленджик,Краснодарский край
Георгиевск,Ставропольский край
Глазов,Удмуртская Республика
"Голицыно,""Московская область, Одинцовский район"""
"Горбатов,""Нижегородская область, Павловский район"""
Горно-Алтайск,Республика Алтай
"Горнозаводск,""Пермский край, Горнозаводский район"""
"Горняк,""Алтайский край, Локтевский район"""
"Городец,""Нижегородская область, Городецкий район"""
"Городище,""Пензенская область, Городищенский район"""
"Городовиковск,""Республика Калмыкия, Городовиковский район"""
"Гороховец,""Владимирская область, Гороховецкий район"""
Горячий Ключ,Краснодарский край
"Грайворон,""Белгородская область, Грайворонский район"""
"Гремячинск,""Пермский край, Гремячинский район"""
Грозный,Чеченская Республика
"Грязи,""Липецкая область, Грязинский район"""
"Грязовец,""Вологодская область, Грязовецкий район"""
"Губаха,""Пермский край, Губахинский район"""
Губкин,Белгородская область
Губкинский,Ямало-Ненецкий автономный округ
"Гудермес,""Чеченская Республика, Гудермесский район"""
Гуково,Ростовская область
"Гулькевичи,""Краснодарский край, Гулькевичский район"""
"Гурьевск,""Кемеровская область, Гурьевский район"""
"Гусев,""Калининградская область, Гусевский район"""
"Гусиноозёрск,""Республика Бурятия, Селенгинский район"""
Гусь-Хрустальный,Владимирская область
"Давлеканово,""Республика Башкортостан, Давлекановский район"""
Дагестанские Огни,Республика Дагестан
"Далматово,""Курганская область, Далматовский район"""
Дальнегорск,Приморский край
Дальнереченск,Приморский край
"Данилов,""Ярославская область, Даниловский район"""
"Данков,""Липецкая область, Данковский район"""
Дегтярск,Свердловская область
"Дедовск,""Московская область, Истринский район"""
"Демидов,""Смоленская область, Демидовский район"""
Дербент,Республика Дагестан
Десногорск,Смоленская область
Джанкой,Республика Крым
Дзержинск,Нижегородская область
Дзержинский,Московская область
Дивногорск,Красноярский край
"Дигора,""Республика Северная Осетия - Алания, Дигорский район"""
Димитровград,Ульяновская область
"Дмитриев,""Курская область, Дмитриевский район"""
"Дмитров,""Московская область, Дмитровский район"""
"Дмитровск,""Орловская область, Дмитровский район"""
"Дно,""Псковская область, Дновский район"""
"Добрянка,""Пермский край, Добрянский район"""
Долгопрудный,Московская область
Долинск,Сахалинская область
Домодедово,Московская область
Донецк,Ростовская область
Донской,Тульская область
"Дорогобуж,""Смоленская область, Дорогобужский район"""
"Дрезна,""Московская область, Орехово-Зуевский район"""
Дубна,Московская область
"Дубовка,""Волгоградская область, Дубовский район"""
"Дудинка,""Красноярский край, Таймырский Долгано-Ненецкий район"""
"Духовщина,""Смоленская область, Духовщинский район"""
"Дюртюли,""Республика Башкортостан, Дюртюлинский район"""
"Дятьково,""Брянская область, Дятьковский район"""
Евпатория,Республика Крым
"Егорьевск,""Московская область, Егорьевский район"""
"Ейск,""Краснодарский край, Ейский район"""
Екатеринбург,Свердловская область
"Елабуга,""Республика Татарстан, Елабужский район"""
Елец,Липецкая область
"Елизово,""Камчатский край, Елизовский район"""
"Ельня,""Смоленская область, Ельнинский район"""
"Еманжелинск,""Челябинская область, Еманжелинский район"""
"Емва,""Республика Коми, Княжпогостский район"""
Енисейск,Красноярский край
"Ермолино,""Калужская область, Боровский район"""
"Ершов,""Саратовская область, Ершовский район"""
Ессентуки,Ставропольский край
"Ефремов,""Тульская область, Ефремовский район"""
Железноводск,Ставропольский край
Железногорск,Курская область
"Железногорск-Илимский,""Иркутская область, Нижнеилимский район"""
Железнодорожный,Московская область
"Жердевка,""Тамбовская область, Жердевский район"""
Жигулевск,Самарская область
"Жиздра,""Калужская область, Жиздринский район"""
"Жирновск,""Волгоградская область, Жирновский район"""
"Жуков,""Калужская область, Жуковский район"""
"Жуковка,""Брянская область, Жуковский район"""
Жуковский,Московская область
"Завитинск,""Амурская область, Завитинский район"""
Заводоуковск,Тюменская область
"Заволжск,""Ивановская область, Заволжский район"""
"Заволжье,""Нижегородская область, Городецкий район"""
"Задонск,""Липецкая область, Задонский район"""
"Заинск,""Республика Татарстан, Заинский район"""
"Закаменск,""Республика Бурятия, Закаменский район"""
"Заозерный,""Красноярский край, Рыбинский район"""
Заозерск,Мурманская область
Западная Двина,Тверская область
"Заполярный,""Мурманская область, Печенгский район"""
"Зарайск,""Московская область, Зарайский район"""
Заречный,Пензенская область
Заринск,Алтайский край
"Звенигово,""Республика Марий Эл, Звениговский район"""
Звенигород,Московская область
Зверево,Ростовская область
Зеленогорск,Город федерального значения
Зеленоград,Город федерального значения
"Зеленоградск,""Калининградская область, Зеленоградский район"""
"Зеленодольск,""Республика Татарстан, Зеленодольский район"""
"Зеленокумск,""Ставропольский край, Советский район"""
"Зерноград,""Ростовская область, Зерноградский район"""
Зея,Амурская область
Зима,Иркутская область
Златоуст,Челябинская область
"Злынка,""Брянская область, Злынковский район"""
Змеиногорск,Алтайский край
Знаменск,Астраханская область
"Зубцов,""Тверская область, Зубцовский район"""
"Зуевка,""Кировская область, Зуевский район"""
"Ивангород,""Ленинградская область, Кингисеппский район"""
Иваново,Ивановская область
Ивантеевка,Московская область
Ивдель,Свердловская область
"Игарка,""Красноярский край, Туруханский район"""
Ижевск,Удмуртская Республика
Избербаш,Республика Дагестан
"Изобильный,""Ставропольский край, Изобильненский район"""
"Иланский,""Красноярский край, Иланский район"""
"Инза,""Ульяновская область, Инзенский район"""
"Инсар,""Республика Мордовия, Инсарский район"""
Инта,Республика Коми
"Ипатово,""Ставропольский край, Ипатовский район"""
Ирбит,Свердловская область
Иркутск,Иркутская область
"Исилькуль,""Омская область, Исилькульский район"""
Искитим,Новосибирская область
"Истра,""Московская область, Истринский район"""
Ишим,Тюменская область
"Ишимбай,""Республика Башкортостан, Ишимбайский район"""
Йошкар-Ола,Республика Марий Эл
"Кадников,""Вологодская область, Сокольский район"""
Казань,Республика Татарстан
"Калач,""Воронежская область, Калачеевский район"""
"Калач-на-Дону,""Волгоградская область, Калачевский район"""
"Калачинск,""Омская область, Калачинский район"""
Калининград,Калининградская область
"Калининск,""Саратовская область, Калининский район"""
Калтан,Кемеровская область
Калуга,Калужская область
"Калязин,""Тверская область, Калязинский район"""
"Камбарка,""Удмуртская Республика, Камбарский район"""
"Каменка,""Пензенская область, Каменский район"""
"Каменногорск,""Ленинградская область, Выборгский район"""
Каменск-Уральский,Свердловская область
Каменск-Шахтинский,Ростовская область
Камень-на-Оби,Алтайский край
"Камешково,""Владимирская область, Камешковский район"""
"Камызяк,""Астраханская область, Камызякский район"""
Камышин,Волгоградская область
Камышлов,Свердловская область
Канаш,Чувашская Республика
"Кандалакша,""Мурманская область, Кандалакшский район"""
Канск,Красноярский край
"Карабаново,""Владимирская область, Александровский район"""
Карабаш,Челябинская область
Карабулак,Республика Ингушетия
"Карасук,""Новосибирская область, Карасукский район"""
Карачаевск,Карачаево-Черкесская Республика
"Карачев,""Брянская область, Карачевский район"""
"Каргат,""Новосибирская область, Каргатский район"""
"Каргополь,""Архангельская область, Каргопольский район"""
Карпинск,Свердловская область
"Карталы,""Челябинская область, Карталинский район"""
Касимов,Рязанская область
"Касли,""Челябинская область, Каслинский район"""
Каспийск,Республика Дагестан
"Катав-Ивановск,""Челябинская область, Катав-Ивановский район"""
"Катайск,""Курганская область, Катайский район"""
Качканар,Свердловская область
Кашин,Тверская область
"Кашира,""Московская область, Каширский район"""
Кедровый,Томская область
Кемерово,Кемеровская область
"Кемь,""Республика Карелия, Кемский район"""
Керчь,Республика Крым
"Кизел,""Пермский край, Кизеловский район"""
Кизилюрт,Республика Дагестан
Кизляр,Республика Дагестан
"Кимовск,""Тульская область, Кимовский район"""
Кимры,Тверская область
"Кингисепп,""Ленинградская область, Кингисеппский район"""
Кинель,Самарская область
Кинешма,Ивановская область
"Киреевск,""Тульская область, Киреевский район"""
"Киренск,""Иркутская область, Киренский район"""
"Киржач,""Владимирская область, Киржачский район"""
"Кириллов,""Вологодская область, Кирилловский район"""
"Кириши,""Ленинградская область, Киришский район"""
Киров,Кировская область
Кировград,Свердловская область
Кирово-Чепецк,Кировская область
"Кировск,""Ленинградская область, Кировский район"""
"Кирс,""Кировская область, Верхнекамский район"""
Кирсанов,Тамбовская область
Киселёвск,Кемеровская область
Кисловодск,Ставропольский край
Климовск,Московская область
"Клин,""Московская область, Клинский район"""
Клинцы,Брянская область
"Княгинино,""Нижегородская область, Княгининский район"""
Ковдор,Мурманская область
Ковров,Владимирская область
"Ковылкино,""Республика Мордовия, Ковылкинский район"""
Когалым,Ханты-Мансийский автономный округ
"Кодинск,""Красноярский край, Кежемский район"""
"Козельск,""Калужская область, Козельский район"""
"Козловка,""Чувашская Республика, Козловский район"""
Козьмодемьянск,Республика Марий Эл
"Кола,""Мурманская область, Кольский район"""
"Кологрив,""Костромская область, Кологривский район"""
Коломна,Московская область
"Колпашево,""Томская область, Колпашевский район"""
Колпино,Город федерального значения
"Кольчугино,""Владимирская область, Кольчугинский район"""
"Коммунар,""Ленинградская область, Гатчинский район"""
"Комсомольск,""Ивановская область, Комсомольский район"""
Комсомольск-на-Амуре,Хабаровский край
"Конаково,""Тверская область, Конаковский район"""
"Кондопога,""Республика Карелия, Кондопожский район"""
"Кондрово,""Калужская область, Дзержинский район"""
"Константиновск,""Ростовская область, Константиновский район"""
Копейск,Челябинская область
"Кораблино,""Рязанская область, Кораблинский район"""
"Кореновск,""Краснодарский край, Кореновский район"""
"Коркино,""Челябинская область, Коркинский район"""
Королев,Московская область
"Короча,""Белгородская область, Корочанский район"""
Корсаков,Сахалинская область
Коряжма,Архангельская область
"Костерёво,""Владимирская область, Петушинский район"""
Костомукша,Республика Карелия
Кострома,Костромская область
Котельники,Московская область
"Котельниково,""Волгоградская область, Котельниковский район"""
Котельнич,Кировская область
Котлас,Архангельская область
"Котово,""Волгоградская область, Котовский район"""
Котовск,Тамбовская область
Кохма,Ивановская область
"Красавино,""Вологодская область, Великоустюгский район"""
Красноармейск,Московская область
"Красновишерск,""Пермский край, Красновишерский район"""
"Красногорск,""Московская область, Красногорский район"""
Краснодар,Краснодарский край
Красное Село,Город федерального значения
"Краснозаводск,""Московская область, Сергиево-Посадский район"""
"Краснознаменск,""Калининградская область, Краснознаменский район"""
"Краснокаменск,""Забайкальский край, Город Краснокаменск и Краснокаменский район"""
"Краснокамск,""Пермский край, Краснокамский район"""
Красноперекопск,Республика Крым
"Краснослободск,""Республика Мордовия, Краснослободский район"""
Краснотурьинск,Свердловская область
Красноуральск,Свердловская область
Красноуфимск,Свердловская область
Красноярск,Красноярский край
"Красный Кут,""Саратовская область, Краснокутский район"""
"Красный Сулин,""Ростовская область, Красносулинский район"""
Красный Холм,Тверская область
"Кремёнки,""Калужская область, Жуковский район"""
Кронштадт,Город федерального значения
"Кропоткин,""Краснодарский край, Кавказский район"""
"Крымск,""Краснодарский край, Крымский район"""
"Кстово,""Нижегородская область, Кстовский район"""
"Кубинка,""Московская область, Одинцовский район"""
"Кувандык,""Оренбургская область, Кувандыкский район"""
"Кувшиново,""Тверская область, Кувшиновский район"""
Кудымкар,Пермский край
Кузнецк,Пензенская область
"Куйбышев,""Новосибирская область, Куйбышевский район"""
"Кулебаки,""Нижегородская область, Кулебакский район"""
Кумертау,Республика Башкортостан
Кунгур,Пермский край
"Купино,""Новосибирская область, Купинский район"""
Курган,Курганская область
"Курганинск,""Краснодарский край, Курганинский район"""
Курильск,Сахалинская область
"Курлово,""Владимирская область, Гусь-Хрустальный район"""
"Куровское,""Московская область, Орехово-Зуевский район"""
Курск,Курская область
"Куртамыш,""Курганская область, Куртамышский район"""
Курчатов,Курская область
"Куса,""Челябинская область, Кусинский район"""
Кушва,Свердловская область
Кызыл,Республика Тыва
Кыштым,Челябинская область
"Кяхта,""Республика Бурятия, Кяхтинский район"""
"Лабинск,""Краснодарский край, Лабинский район"""
Лабытнанги,Ямало-Ненецкий автономный округ
"Лагань,""Республика Калмыкия, Лаганский район"""
Ладушкин,Калининградская область
"Лаишево,""Республика Татарстан, Лаишевский район"""
"Лакинск,""Владимирская область, Собинский район"""
Лангепас,Ханты-Мансийский автономный округ
"Лахденпохья,""Республика Карелия, Лахденпохский район"""
"Лебедянь,""Липецкая область, Лебедянский район"""
"Лениногорск,""Республика Татарстан, Лениногорский район"""
"Ленинск,""Волгоградская область, Ленинский район"""
Ленинск-Кузнецкий,Кемеровская область
"Ленск,""Республика Саха (Якутия), Ленский район"""
Лермонтов,Ставропольский край
Лесной,Свердловская область
Лесозаводск,Приморский край
Лесосибирск,Красноярский край
Ливны,Орловская область
"Ликино-Дулево,""Московская область, Орехово-Зуевский район"""
Липецк,Липецкая область
"Липки,""Тульская область, Киреевский район"""
"Лиски,""Воронежская область, Лискинский район"""
"Лихославль,""Тверская область, Лихославльский район"""
Лобня,Московская область
"Лодейное Поле,""Ленинградская область, Лодейнопольский район"""
Ломоносов,Город федерального значения
Лосино-Петровский,Московская область
"Луга,""Ленинградская область, Лужский район"""
"Луза,""Кировская область, Лузский район"""
"Лукоянов,""Нижегородская область, Лукояновский район"""
"Луховицы,""Московская область, Луховицкий район"""
"Лысково,""Нижегородская область, Лысковский район"""
"Лысьва,""Пермский край, Лысьвенский район"""
Лыткарино,Московская область
Льгов,Курская область
"Любань,""Ленинградская область, Тосненский район"""
"Люберцы,""Московская область, Люберецкий район"""
"Любим,""Ярославская область, Любимский район"""
"Людиново,""Калужская область, Людиновский район"""
"Лянтор,""Ханты-Мансийский автономный округ, Сургутский район"""
Магадан,Магаданская область
Магас,Республика Ингушетия
Магнитогорск,Челябинская область
Майкоп,Республика Адыгея
"Майский,""Кабардино-Балкарская Республика, Майский район"""
Макаров,Сахалинская область
"Макарьев,""Костромская область, Макарьевский район"""
"Макушино,""Курганская область, Макушинский район"""
"Малая Вишера,""Новгородская область, Маловишерский район"""
Малгобек,Республика Ингушетия
"Малмыж,""Кировская область, Малмыжский район"""
"Малоархангельск,""Орловская область, Малоархангельский район"""
"Малоярославец,""Калужская область, Малоярославецкий район"""
"Мамадыш,""Республика Татарстан, Мамадышский район"""
Мамоново,Калининградская область
Мантурово,Костромская область
"Мариинск,""Кемеровская область, Мариинский район"""
"Мариинский Посад,""Чувашская Республика, Мариинско-Посадский район"""
"Маркс,""Саратовская область, Марксовский район"""
Махачкала,Республика Дагестан
"Мглин,""Брянская область, Мглинский район"""
Мегион,Ханты-Мансийский автономный округ
"Медвежьегорск,""Республика Карелия, Медвежьегорский район"""
Медногорск,Оренбургская область
"Медынь,""Калужская область, Медынский район"""
Межгорье,Республика Башкортостан
Междуреченск,Кемеровская область
"Мезень,""Архангельская область, Мезенский район"""
"Меленки,""Владимирская область, Меленковский район"""
"Мелеуз,""Республика Башкортостан, Мелеузовский район"""
"Менделеевск,""Республика Татарстан, Менделеевский район"""
"Мензелинск,""Республика Татарстан, Мензелинский район"""
"Мещовск,""Калужская область, Мещовский район"""
Миасс,Челябинская область
"Микунь,""Республика Коми, Усть-Вымский район"""
"Миллерово,""Ростовская область, Миллеровский район"""
"Минеральные Воды,""Ставропольский край, Минераловодский район"""
Минусинск,Красноярский край
"Миньяр,""Челябинская область, Ашинский район"""
Мирный,Архангельская область
"Михайлов,""Рязанская область, Михайловский район"""
Михайловка,Волгоградская область
"Михайловск,""Свердловская область, Нижнесергинский район"""
Мичуринск,Тамбовская область
"Могоча,""Забайкальский край, Могочинский район"""
"Можайск,""Московская область, Можайский район"""
Можга,Удмуртская Республика
"Моздок,""Республика Северная Осетия - Алания, Моздокский район"""
Мончегорск,Мурманская область
"Морозовск,""Ростовская область, Морозовский район"""
Моршанск,Тамбовская область
"Мосальск,""Калужская область, Мосальский район"""
Москва,Город федерального значения
"Московский,""Московская область, Ленинский район"""
Муравленко,Ямало-Ненецкий автономный округ
"Мураши,""Кировская область, Мурашинский район"""
Мурманск,Мурманская область
Муром,Владимирская область
Мценск,Орловская область
Мыски,Кемеровская область
"Мытищи,""Московская область, Мытищинский район"""
"Мышкин,""Ярославская область, Мышкинский район"""
Набережные Челны,Республика Татарстан
"Навашино,""Нижегородская область, Навашинский район"""
"Наволоки,""Ивановская область, Кинешемский район"""
"Надым,""Ямало-Ненецкий автономный округ, Надымский район"""
Назарово,Красноярский край
Назрань,Республика Ингушетия
"Называевск,""Омская область, Называевский район"""
Нальчик,Кабардино-Балкарская Республика
"Нариманов,""Астраханская область, Наримановский район"""
"Наро-Фоминск,""Московская область, Наро-Фоминский район"""
"Нарткала,""Кабардино-Балкарская Республика, Урванский район"""
Нарьян-Мар,Ненецкий автономный округ
Находка,Приморский край
"Невель,""Псковская область, Невельский район"""
Невельск,Сахалинская область
Невинномысск,Ставропольский край
Невьянск,Свердловская область
Нелидово,Тверская область
"Неман,""Калининградская область, Неманский район"""
"Нерехта,""Костромская область, Нерехтский район"""
"Нерчинск,""Забайкальский край, Нерчинский район"""
"Нерюнгри,""Республика Саха (Якутия), Нерюнгринский район"""
"Нестеров,""Калининградская область, Нестеровский район"""
"Нефтегорск,""Самарская область, Нефтегорский район"""
Нефтекамск,Республика Башкортостан
"Нефтекумск,""Ставропольский край, Нефтекумский район"""
Нефтеюганск,Ханты-Мансийский автономный округ
"Нея,""Костромская область, Нейский район"""
Нижневартовск,Ханты-Мансийский автономный округ
"Нижнекамск,""Республика Татарстан, Нижнекамский район"""
"Нижнеудинск,""Иркутская область, Нижнеудинский район"""
"Нижние Серги,""Свердловская область, Нижнесергинский район"""
"Нижний Ломов,""Пензенская область, Нижнеломовский район"""
Нижний Новгород,Нижегородская область
Нижний Тагил,Свердловская область
Нижняя Салда,Свердловская область
Нижняя Тура,Свердловская область
"Николаевск,""Волгоградская область, Николаевский район"""
"Николаевск-на-Амуре,""Хабаровский край, Николаевский район"""
"Никольск,""Пензенская область, Никольский район"""
"Никольское,""Ленинградская область, Тосненский район"""
"Новая Ладога,""Ленинградская область, Волховский район"""
Новая Ляля,Свердловская область
"Новоалександровск,""Ставропольский край, Новоалександровский район"""
Новоалтайск,Алтайский край
"Новоаннинский,""Волгоградская область, Новоаннинский район"""
Нововоронеж,Воронежская область
Новодвинск,Архангельская область
Новозыбков,Брянская область
"Новокубанск,""Краснодарский край, Новокубанский район"""
Новокузнецк,Кемеровская область
Новокуйбышевск,Самарская область
"Новомичуринск,""Рязанская область, Пронский район"""
Новомосковск,Тульская область
"Новопавловск,""Ставропольский край, Кировский район"""
"Новоржев,""Псковская область, Новоржевский район"""
Новороссийск,Краснодарский край
Новосибирск,Новосибирская область
"Новосиль,""Орловская область, Новосильский район"""
"Новосокольники,""Псковская область, Новосокольнический район"""
Новотроицк,Оренбургская область
"Новоузенск,""Саратовская область, Новоузенский район"""
Новоульяновск,Ульяновская область
Новоуральск,Свердловская область
"Новохоперск,""Воронежская область, Новохоперский район"""
Новочебоксарск,Чувашская Республика
Новочеркасск,Ростовская область
Новошахтинск,Ростовская область
"Новый Оскол,""Белгородская область, Новооскольский район"""
Новый Уренгой,Ямало-Ненецкий автономный округ
"Ногинск,""Московская область, Ногинский район"""
"Нолинск,""Кировская область, Нолинский район"""
Норильск,Красноярский край
Ноябрьск,Ямало-Ненецкий автономный округ
"Нурлат,""Республика Татарстан, Нурлатский район"""
"Нытва,""Пермский край, Нытвенский район"""
"Нюрба,""Республика Саха (Якутия), Нюрбинский район"""
Нягань,Ханты-Мансийский автономный округ
"Нязепетровск,""Челябинская область, Нязепетровский район"""
"Няндома,""Архангельская область, Няндомский район"""
"Облучье,""Еврейская автономная область, Облученский район"""
Обнинск,Калужская область
"Обоянь,""Курская область, Обоянский район"""
Обь,Новосибирская область
"Одинцово,""Московская область, Одинцовский район"""
"Ожерелье,""Московская область, Каширский район"""
Озерск,Челябинская область
"Озёрск,""Калининградская область, Озёрский район"""
"Озеры,""Московская область, Озерский район"""
Октябрьск,Самарская область
Октябрьский,Республика Башкортостан
"Окуловка,""Новгородская область, Окуловский район"""
"Олекминск,""Республика Саха (Якутия), Олекминский район"""
Оленегорск,Мурманская область
"Олонец,""Республика Карелия, Олонецкий национальный район"""
Омск,Омская область
"Омутнинск,""Кировская область, Омутнинский район"""
"Онега,""Архангельская область, Онежский район"""
"Опочка,""Псковская область, Опочецкий район"""
Орёл,Орловская область
Оренбург,Оренбургская область
Орехово-Зуево,Московская область
"Орлов,""Кировская область, Орловский район"""
Орск,Оренбургская область
"Оса,""Пермский край, Осинский район"""
Осинники,Кемеровская область
Осташков,Тверская область
"Остров,""Псковская область, Островский район"""
Островной,Мурманская область
"Острогожск,""Воронежская область, Острогожский район"""
"Отрадное,""Ленинградская область, Кировский район"""
Отрадный,Самарская область
Оха,Сахалинская область
"Оханск,""Пермский край, Оханский район"""
"Очер,""Пермский край, Очерский район"""
"Павлово,""Нижегородская область, Павловский район"""
Павловск,Город федерального значения
"Павловский Посад,""Московская область, Павлово-Посадский район"""
"Палласовка,""Волгоградская область, Палласовский район"""
Партизанск,Приморский край
"Певек,""Чукотский автономный округ, Чаунский район"""
Пенза,Пензенская область
"Первомайск,""Нижегородская область, Первомайский район"""
Первоуральск,Свердловская область
"Перевоз,""Нижегородская область, Перевозский район"""
"Пересвет,""Московская область, Сергиево-Посадский район"""
Переславль-Залесский,Ярославская область
Пермь,Пермский край
"Пестово,""Новгородская область, Пестовский район"""
Петергоф,Город федерального значения
"Петров Вал,""Волгоградская область, Камышинский район"""
"Петровск,""Саратовская область, Петровский район"""
Петровск-Забайкальский,Забайкальский край
Петрозаводск,Республика Карелия
Петропавловск-Камчатский,Камчатский край
"Петухово,""Курганская область, Петуховский район"""
"Петушки,""Владимирская область, Петушинский район"""
"Печора,""Республика Коми, Печора район"""
"Печоры,""Псковская область, Печорский район"""
"Пикалёво,""Ленинградская область, Бокситогорский район"""
Пионерский,Калининградская область
"Питкяранта,""Республика Карелия, Питкярантский район"""
"Плавск,""Тульская область, Плавский район"""
"Пласт,""Челябинская область, Пластовский район"""
"Плёс,""Ивановская область, Приволжский район"""
"Поворино,""Воронежская область, Поворинский район"""
Подольск,Московская область
"Подпорожье,""Ленинградская область, Подпорожский район"""
Покачи,Ханты-Мансийский автономный округ
"Покров,""Владимирская область, Петушинский район"""
"Покровск,""Республика Саха (Якутия), Хангаласский район"""
Полевской,Свердловская область
"Полесск,""Калининградская область, Полесский район"""
Полысаево,Кемеровская область
Полярные Зори,Мурманская область
Полярный,Мурманская область
Поронайск,Сахалинская область
"Порхов,""Псковская область, Порховский район"""
Похвистнево,Самарская область
"Почеп,""Брянская область, Почепский район"""
"Починок,""Смоленская область, Починковский район"""
"Пошехонье,""Ярославская область, Пошехонский район"""
"Правдинск,""Калининградская область, Правдинский район"""
"Приволжск,""Ивановская область, Приволжский район"""
"Приморск,""Ленинградская область, Выборгский район"""
"Приморско-Ахтарск,""Краснодарский край, Приморско-Ахтарский район"""
"Приозерск,""Ленинградская область, Приозерский район"""
Прокопьевск,Кемеровская область
"Пролетарск,""Ростовская область, Пролетарский район"""
Протвино,Московская область
Прохладный,Кабардино-Балкарская Республика
Псков,Псковская область
"Пугачев,""Саратовская область, Пугачевский район"""
"Пудож,""Республика Карелия, Пудожский район"""
"Пустошка,""Псковская область, Пустошкинский район"""
"Пучеж,""Ивановская область, Пучежский район"""
Пушкин,Город федерального значения
"Пушкино,""Московская область, Пушкинский район"""
Пущино,Московская область
"Пыталово,""Псковская область, Пыталовский район"""
Пыть-Ях,Ханты-Мансийский автономный округ
Пятигорск,Ставропольский край
Радужный,Ханты-Мансийский автономный округ
Райчихинск,Амурская область
"Раменское,""Московская область, Раменский район"""
Рассказово,Тамбовская область
Ревда,Свердловская область
Реж,Свердловская область
Реутов,Московская область
Ржев,Тверская область
"Родники,""Ивановская область, Родниковский район"""
"Рославль,""Смоленская область, Рославльский район"""
"Россошь,""Воронежская область, Россошанский район"""
"Ростов,""Ярославская область, Ростовский район"""
Ростов-на-Дону,Ростовская область
Рошаль,Московская область
"Ртищево,""Саратовская область, Ртищевский район"""
Рубцовск,Алтайский край
"Рудня,""Смоленская область, Руднянский район"""
"Руза,""Московская область, Рузский район"""
"Рузаевка,""Республика Мордовия, Рузаевский район"""
Рыбинск,Ярославская область
"Рыбное,""Рязанская область, Рыбновский район"""
"Рыльск,""Курская область, Рыльский район"""
"Ряжск,""Рязанская область, Ряжский район"""
Рязань,Рязанская область
Саки,Республика Крым
Салават,Республика Башкортостан
"Салаир,""Кемеровская область, Гурьевский район"""
Салехард,Ямало-Ненецкий автономный округ
"Сальск,""Ростовская область, Сальский район"""
Самара,Самарская область
Санкт-Петербург,Город федерального значения
Саранск,Республика Мордовия
Сарапул,Удмуртская Республика
Саратов,Саратовская область
Саров,Нижегородская область
Сасово,Рязанская область
"Сатка,""Челябинская область, Саткинский район"""
"Сафоново,""Смоленская область, Сафоновский район"""
Саяногорск,Республика Хакасия
Саянск,Иркутская область
"Светлогорск,""Калининградская область, Светлогорский район"""
"Светлоград,""Ставропольский край, Петровский район"""
Светлый,Калининградская область
"Светогорск,""Ленинградская область, Выборгский район"""
Свирск,Иркутская область
Свободный,Амурская область
"Себеж,""Псковская область, Себежский район"""
Северо-Курильск,Сахалинская область
Северобайкальск,Республика Бурятия
Северодвинск,Архангельская область
Североморск,Мурманская область
Североуральск,Свердловская область
Северск,Томская область
"Севск,""Брянская область, Севский район"""
"Сегежа,""Республика Карелия, Сегежский район"""
Сельцо,Брянская область
"Семенов,""Нижегородская область, Семеновский район"""
"Семикаракорск,""Ростовская область, Семикаракорский район"""
"Семилуки,""Воронежская область, Семилукский район"""
"Сенгилей,""Ульяновская область, Сенгилеевский район"""
"Серафимович,""Волгоградская область, Серафимовичский район"""
"Сергач,""Нижегородская область, Сергачский район"""
"Сергиев Посад,""Московская область, Сергиево-Посадский район"""
"Сердобск,""Пензенская область, Сердобский район"""
Серов,Свердловская область
Серпухов,Московская область
"Сертолово,""Ленинградская область, Всеволожский район"""
Сестрорецк,Город федерального значения
Сибай,Республика Башкортостан
"Сим,""Челябинская область, Ашинский район"""
Симферополь,Республика Крым
"Сковородино,""Амурская область, Сковородинский район"""
Скопин,Рязанская область
Славгород,Алтайский край
"Славск,""Калининградская область, Славский район"""
"Славянск-на-Кубани,""Краснодарский край, Славянский район"""
"Сланцы,""Ленинградская область, Сланцевский район"""
Слободской,Кировская область
"Слюдянка,""Иркутская область, Слюдянский район"""
Смоленск,Смоленская область
Снежинск,Челябинская область
Снежногорск,Мурманская область
"Собинка,""Владимирская область, Собинский район"""
"Советск,""Кировская область, Советский район"""
"Советская Гавань,""Хабаровский край, Советско-Гаванский район"""
"Советский,""Ханты-Мансийский автономный округ, Советский район"""
"Сокол,""Вологодская область, Сокольский район"""
"Солигалич,""Костромская область, Солигаличский район"""
Соликамск,Пермский край
"Солнечногорск,""Московская область, Солнечногорский район"""
"Соль-Илецк,""Оренбургская область, Соль-Илецкий район"""
"Сольвычегодск,""Архангельская область, Котласский район"""
"Сольцы,""Новгородская область, Солецкий район"""
Сорочинск,Оренбургская область
Сорск,Республика Хакасия
"Сортавала,""Республика Карелия, Сортавальский район"""
"Сосенский,""Калужская область, Козельский район"""
"Сосновка,""Кировская область, Вятскополянский район"""
Сосновоборск,Красноярский край
Сосновый Бор,Ленинградская область
"Сосногорск,""Республика Коми, Сосногорск район"""
Сочи,Краснодарский край
"Спас-Деменск,""Калужская область, Спас-Деменский район"""
"Спас-Клепики,""Рязанская область, Клепиковский район"""
"Спасск,""Пензенская область, Спасский  район"""
Спасск-Дальний,Приморский край
"Спасск-Рязанский,""Рязанская область, Спасский район"""
"Среднеколымск,""Республика Саха (Якутия), Среднеколымский район"""
Среднеуральск,Свердловская область
"Сретенск,""Забайкальский край, Сретенский район"""
Ставрополь,Ставропольский край
"Старая Купавна,""Московская область, Ногинский район"""
"Старая Русса,""Новгородская область, Старорусский район"""
"Старица,""Тверская область, Старицкий район"""
Стародуб,Брянская область
"Старый Крым,""Республика Крым, Кировский район"""
Старый Оскол,Белгородская область
Стерлитамак,Республика Башкортостан
Стрежевой,Томская область
"Строитель,""Белгородская область, Яковлевский район"""
"Струнино,""Владимирская область, Александровский район"""
"Ступино,""Московская область, Ступинский район"""
"Суворов,""Тульская область, Суворовский район"""
Судак,Республика Крым
"Суджа,""Курская область, Суджанский район"""
"Судогда,""Владимирская область, Судогодский район"""
"Суздаль,""Владимирская область, Суздальский район"""
"Суоярви,""Республика Карелия, Суоярвский район"""
"Сураж,""Брянская область, Суражский район"""
Сургут,Ханты-Мансийский автономный округ
"Суровикино,""Волгоградская область, Суровикинский район"""
"Сурск,""Пензенская область, Городищенский район"""
"Сусуман,""Магаданская область, Сусуманский район"""
"Сухиничи,""Калужская область, Сухиничский район"""
Сухой Лог,Свердловская область
Сызрань,Самарская область
Сыктывкар,Республика Коми
Сысерть,Свердловская область
"Сычевка,""Смоленская область, Сычевский район"""
"Сясьстрой,""Ленинградская область, Волховский район"""
Тавда,Свердловская область
Таганрог,Ростовская область
Тайга,Кемеровская область
"Тайшет,""Иркутская область, Тайшетский район"""
"Талдом,""Московская область, Талдомский район"""
Талица,Свердловская область
Тамбов,Тамбовская область
"Тара,""Омская область, Тарский район"""
"Тарко-Сале,""Ямало-Ненецкий автономный округ, Пуровский район"""
"Таруса,""Калужская область, Тарусский район"""
"Татарск,""Новосибирская область, Татарский район"""
"Таштагол,""Кемеровская область, Таштагольский район"""
Тверь,Тверская область
Тейково,Ивановская область
"Темников,""Республика Мордовия, Темниковский район"""
"Темрюк,""Краснодарский край, Темрюкский район"""
"Терек,""Кабардино-Балкарская Республика, Терский район"""
"Тетюши,""Республика Татарстан, Тетюшский район"""
"Тимашевск,""Краснодарский край, Тимашевский район"""
"Тихвин,""Ленинградская область, Тихвинский район"""
"Тихорецк,""Краснодарский край, Тихорецкий район"""
Тобольск,Тюменская область
"Тогучин,""Новосибирская область, Тогучинский район"""
Тольятти,Самарская область
Томари,Сахалинская область
"Томмот,""Республика Саха (Якутия), Алданский район"""
Томск,Томская область
"Топки,""Кемеровская область, Топкинский район"""
Торжок,Тверская область
"Торопец,""Тверская область, Торопецкий район"""
"Тосно,""Ленинградская область, Тосненский район"""
"Тотьма,""Вологодская область, Тотемский район"""
Трехгорный,Челябинская область
Троицк,Челябинская область
"Трубчевск,""Брянская область, Трубчевский район"""
"Туапсе,""Краснодарский край, Туапсинский район"""
"Туймазы,""Республика Башкортостан, Туймазинский район"""
Тула,Тульская область
Тулун,Иркутская область
"Туран,""Республика Тыва, Пий-Хемский район"""
Туринск,Свердловская область
"Тутаев,""Ярославская область, Тутаевский район"""
Тында,Амурская область
"Тырныауз,""Кабардино-Балкарская Республика, Эльбрусский район"""
"Тюкалинск,""Омская область, Тюкалинский район"""
Тюмень,Тюменская область
Уварово,Тамбовская область
"Углегорск,""Сахалинская область, Углегорский район"""
"Углич,""Ярославская область, Угличский район"""
"Удачный,""Республика Саха (Якутия), Мирнинский район"""
Удомля,Тверская область
"Ужур,""Красноярский край, Ужурский район"""
"Узловая,""Тульская область, Узловский район"""
Улан-Удэ,Республика Бурятия
Ульяновск,Ульяновская область
"Унеча,""Брянская область, Унечский район"""
Урай,Ханты-Мансийский автономный округ
"Урень,""Нижегородская область, Уренский район"""
"Уржум,""Кировская область, Уржумский район"""
"Урус-Мартан,""Чеченская Республика, Урус-Мартановский район"""
Урюпинск,Волгоградская область
Усинск,Республика Коми
"Усмань,""Липецкая область, Усманский район"""
"Усолье,""Пермский край, Усольский район"""
Усолье-Сибирское,Иркутская область
Уссурийск,Приморский край
"Усть-Джегута,""Карачаево-Черкесская Республика, Усть-Джегутинский район"""
Усть-Илимск,Иркутская область
Усть-Катав,Челябинская область
"Усть-Кут,""Иркутская область, Усть-Кутский район"""
"Усть-Лабинск,""Краснодарский край, Усть-Лабинский район"""
"Устюжна,""Вологодская область, Устюженский район"""
Уфа,Республика Башкортостан
Ухта,Республика Коми
"Учалы,""Республика Башкортостан, Учалинский район"""
"Уяр,""Красноярский край, Уярский район"""
"Фатеж,""Курская область, Фатежский район"""
Феодосия,Республика Крым
Фокино,Брянская область
Фролово,Волгоградская область
Фрязино,Московская область
"Фурманов,""Ивановская область, Фурмановский район"""
"Цивильск,""Чувашская Республика, Цивильский район"""
"Цимлянск,""Ростовская область, Цимлянский район"""
"Чадан,""Республика Тыва, Дзун-Хемчикский район"""
"Чайковский,""Пермский край, Чайковский район"""
Чапаевск,Самарская область
"Чаплыгин,""Липецкая область, Чаплыгинский район"""
Чебаркуль,Челябинская область
Чебоксары,Чувашская Республика
"Чегем,""Кабардино-Балкарская Республика, Чегемский район"""
"Чекалин,""Тульская область, Суворовский район"""
Челябинск,Челябинская область
"Чердынь,""Пермский край, Чердынский район"""
Черемхово,Иркутская область
"Черепаново,""Новосибирская область, Черепановский район"""
Череповец,Вологодская область
Черкесск,Карачаево-Черкесская Республика
"Чермоз,""Пермский край, Ильинский район"""
Черноголовка,Московская область
Черногорск,Республика Хакасия
"Чернушка,""Пермский край, Чернушинский район"""
"Черняховск,""Калининградская область, Черняховский район"""
"Чехов,""Московская область, Чеховский район"""
"Чистополь,""Республика Татарстан, Чистопольский район"""
Чита,Забайкальский край
"Чкаловск,""Нижегородская область, Чкаловский район"""
"Чудово,""Новгородская область, Чудовский район"""
"Чулым,""Новосибирская область, Чулымский район"""
"Чусовой,""Пермский край, Чусовской район"""
"Чухлома,""Костромская область, Чухломский район"""
"Шагонар,""Республика Тыва, Улуг-Хемский район"""
Шадринск,Курганская область
"Шали,""Чеченская Республика, Шалинский район"""
Шарыпово,Красноярский край
Шарья,Костромская область
"Шатура,""Московская область, Шатурский район"""
"Шахтерск,""Сахалинская область, Углегорский район"""
Шахты,Ростовская область
"Шахунья,""Нижегородская область, Шахунский район"""
"Шацк,""Рязанская область, Шацкий район"""
"Шебекино,""Белгородская область, Шебекинский район"""
"Шелехов,""Иркутская область, Шелеховский район"""
"Шенкурск,""Архангельская область, Шенкурский район"""
"Шилка,""Забайкальский край, Шилкинский район"""
Шимановск,Амурская область
Шиханы,Саратовская область
"Шлиссельбург,""Ленинградская область, Кировский район"""
Шумерля,Чувашская Республика
"Шумиха,""Курганская область, Шумихинский район"""
Шуя,Ивановская область
"Щёкино,""Тульская область, Щёкинский район"""
"Щёлкино,""Республика Крым, Ленинский район"""
"Щелково,""Московская область, Щелковский район"""
Щербинка,Московская область
Щигры,Курская область
"Щучье,""Курганская область, Щучанский район"""
Электрогорск,Московская область
Электросталь,Московская область
"Электроугли,""Московская область, Ногинский район"""
Элиста,Республика Калмыкия
"Энгельс,""Саратовская область, Энгельсский район"""
"Эртиль,""Воронежская область, Эртильский район"""
Юбилейный,Московская область
Югорск,Ханты-Мансийский автономный округ
"Южа,""Ивановская область, Южский район"""
Южно-Сахалинск,Сахалинская область
Южно-Сухокумск,Республика Дагестан
Южноуральск,Челябинская область
Юрга,Кемеровская область
"Юрьев-Польский,""Владимирская область, Юрьев-Польский район"""
"Юрьевец,""Ивановская область, Юрьевецкий район"""
"Юрюзань,""Челябинская область, Катав-Ивановский район"""
"Юхнов,""Калужская область, Юхновский район"""
"Ядрин,""Чувашская Республика, Ядринский район"""
Якутск,Республика Саха (Якутия)
Ялта,Республика Крым
Ялуторовск,Тюменская область
"Янаул,""Республика Башкортостан, Янаульский район"""
"Яранск,""Кировская область, Яранский район"""
Яровое,Алтайский край
Ярославль,Ярославская область
"Ярцево,""Смоленская область, Ярцевский район"""
"Ясногорск,""Тульская область, Ясногорский район"""
"Ясный,""Оренбургская область, Ясненский район"""
"Яхрома,""Московская область, Дмитровский район"""
